{
    "1": {
        "vacuum_level": 4.949238,
        "trigger_time": 0.2,
        "particle_counts": 27,
        "particle_energies": [
            6.004,
            5.3959998,
            4.0280000000000005,
            3.8760000000000003,
            4.5600000000000005,
            4.332,
            3.8,
            4.788,
            3.952,
            4.028,
            3.572,
            5.092,
            4.104,
            4.484,
            5.2439998,
            4.4079999999999995,
            5.092,
            3.952,
            4.256,
            4.484,
            4.484,
            4.104,
            3.952,
            3.724,
            4.484,
            4.18,
            5.472
        ]
    },
    "2": {
        "vacuum_level": 4.930275,
        "trigger_time": 0.2,
        "particle_counts": 20,
        "particle_energies": [
            4.9399999999999995,
            4.332,
            4.484,
            4.636,
            4.256,
            5.016,
            5.0159998,
            5.699999999999999,
            4.712,
            4.484,
            3.8,
            4.484,
            3.4959999999999996,
            4.4079999999999995,
            5.0920000000000005,
            4.0280000000000005,
            3.952,
            4.484,
            4.864,
            3.8760000000000003
        ]
    }
}