{
    "1": {
        "vacuum_level": 6.458918,
        "trigger_time": 0.2,
        "particle_counts": 24,
        "particle_energies": [
            7.296,
            7.752000000000001,
            6.384,
            7.6,
            8.283999999999999,
            6.84,
            4.332,
            6.384,
            7.068,
            7.068,
            7.523999999999999,
            7.068,
            7.144,
            6.231999999999999,
            6.9159999999999995,
            4.4079999999999995,
            7.752000000000001,
            7.144,
            7.220000000000001,
            6.536,
            6.992,
            7.6,
            7.372,
            7.524
        ]
    },
    "2": {
        "vacuum_level": 6.436226,
        "trigger_time": 0.2,
        "particle_counts": 30,
        "particle_energies": [
            7.904,
            5.1679998,
            7.9799999999999995,
            7.296,
            7.827999999999999,
            6.232,
            7.068,
            8.588000000000001,
            7.752000000000001,
            4.864,
            5.776,
            7.372,
            8.208,
            7.6,
            7.372,
            7.523999999999999,
            5.928,
            7.295999999999999,
            6.84,
            7.752000000000001,
            6.9159999999999995,
            6.08,
            6.992,
            6.916,
            6.612,
            6.612,
            8.968,
            6.232,
            6.991999999999999,
            6.992000000000001
        ]
    }
}