{
    "1": {
        "vacuum_level": 5.624983,
        "trigger_time": 0.2,
        "particle_counts": 31,
        "particle_energies": [
            6.308,
            5.8519998,
            5.548,
            5.4719998,
            4.18,
            4.788,
            5.3199998,
            6.460000000000001,
            5.776,
            5.8519998,
            6.08,
            5.776,
            5.852,
            4.484,
            5.5479998,
            5.016,
            5.244,
            5.0919998,
            5.6240000000000006,
            5.852,
            6.308,
            3.572,
            6.384,
            6.232,
            6.384,
            5.396,
            5.4719998,
            6.384,
            6.308,
            5.6240000000000006,
            5.548
        ]
    },
    "2": {
        "vacuum_level": 5.604443,
        "trigger_time": 0.2,
        "particle_counts": 15,
        "particle_energies": [
            4.256,
            5.4719998,
            6.688000000000001,
            6.308,
            6.156000000000001,
            4.5600000000000005,
            5.928,
            6.08,
            4.484,
            5.776,
            6.231999999999999,
            6.459999999999999,
            5.167999999999999,
            6.004,
            5.927999999999999
        ]
    }
}