{
    "1": {
        "vacuum_level": 6.03913,
        "trigger_time": 0.2,
        "particle_counts": 23,
        "particle_energies": [
            4.712,
            6.459999999999999,
            7.068,
            6.992,
            5.699999999999999,
            6.612,
            7.144,
            3.42,
            5.6239998,
            6.612,
            6.688000000000001,
            6.156000000000001,
            7.068,
            6.384,
            7.068,
            7.295999999999999,
            6.232,
            6.384,
            6.08,
            6.232,
            5.852,
            6.688000000000001,
            6.004
        ]
    },
    "2": {
        "vacuum_level": 6.018138,
        "trigger_time": 0.2,
        "particle_counts": 16,
        "particle_energies": [
            6.688,
            5.776,
            6.688000000000001,
            4.9399999999999995,
            5.8519998,
            6.536,
            6.84,
            6.232,
            4.5600000000000005,
            6.231999999999999,
            6.916,
            5.852,
            6.688000000000001,
            6.84,
            7.904,
            6.46
        ]
    }
}