{
    "1": {
        "vacuum_level": 6.599629,
        "trigger_time": 0.2,
        "particle_counts": 22,
        "particle_energies": [
            7.904,
            8.056000000000001,
            6.536,
            6.536,
            7.220000000000001,
            7.676,
            7.144,
            8.36,
            5.548,
            6.384,
            7.904,
            5.548,
            7.4479999999999995,
            7.372,
            7.523999999999999,
            7.068,
            6.46,
            7.295999999999999,
            7.98,
            6.84,
            7.827999999999999,
            7.068
        ]
    },
    "2": {
        "vacuum_level": 6.576411,
        "trigger_time": 0.2,
        "particle_counts": 28,
        "particle_energies": [
            7.295999999999999,
            7.827999999999999,
            7.676,
            6.46,
            6.688000000000001,
            7.6,
            7.752,
            7.144,
            6.688000000000001,
            8.283999999999999,
            6.916,
            7.524,
            7.372,
            7.296,
            8.056,
            7.448,
            5.396,
            8.512,
            7.220000000000001,
            7.22,
            8.284,
            7.068,
            7.448,
            7.904,
            6.308,
            6.764,
            6.84,
            7.372
        ]
    }
}