{
    "1": {
        "vacuum_level": 5.352533,
        "trigger_time": 0.2,
        "particle_counts": 19,
        "particle_energies": [
            5.699999999999999,
            5.3959998,
            5.092,
            5.699999999999999,
            4.712,
            4.788,
            6.08,
            5.852,
            5.32,
            5.4719999999999995,
            6.156,
            5.776,
            5.548,
            5.3959998,
            5.168,
            5.548,
            5.167999999999999,
            5.0919998,
            5.7
        ]
    },
    "2": {
        "vacuum_level": 5.332765,
        "trigger_time": 0.2,
        "particle_counts": 24,
        "particle_energies": [
            5.6240000000000006,
            5.4719999999999995,
            4.636,
            5.6240000000000006,
            6.84,
            4.636,
            5.776,
            4.9399999999999995,
            4.9399999999999995,
            6.004,
            6.004,
            5.3959998,
            5.016,
            5.776,
            5.776,
            5.928,
            3.6479999999999997,
            5.016,
            6.08,
            5.0919998,
            5.928,
            4.636,
            4.788,
            4.712
        ]
    }
}