{
    "1": {
        "vacuum_level": 6.318365,
        "trigger_time": 0.2,
        "particle_counts": 21,
        "particle_energies": [
            6.688000000000001,
            7.372,
            6.308,
            7.752000000000001,
            7.220000000000001,
            7.372,
            5.699999999999999,
            5.6999998,
            6.84,
            7.98,
            7.296,
            6.384,
            6.688,
            6.9159999999999995,
            6.688000000000001,
            6.916,
            6.384,
            6.231999999999999,
            7.22,
            7.068,
            6.612
        ]
    },
    "2": {
        "vacuum_level": 6.29624,
        "trigger_time": 0.2,
        "particle_counts": 25,
        "particle_energies": [
            7.144,
            6.384,
            7.6,
            6.763999999999999,
            6.916,
            6.232,
            7.296,
            6.84,
            6.536,
            8.208,
            5.927999999999999,
            6.5360000000000005,
            7.752000000000001,
            7.220000000000001,
            6.991999999999999,
            6.308,
            7.372,
            6.991999999999999,
            7.296,
            6.460000000000001,
            8.208,
            6.384,
            7.372,
            7.676,
            6.612
        ]
    }
}