{
    "1": {
        "vacuum_level": 6.741595,
        "trigger_time": 0.2,
        "particle_counts": 23,
        "particle_energies": [
            7.068,
            8.056000000000001,
            7.144,
            7.752000000000001,
            7.220000000000001,
            7.827999999999999,
            7.144,
            7.220000000000001,
            7.676,
            7.827999999999999,
            3.4959999999999996,
            6.764,
            7.144,
            8.512,
            7.904,
            8.056000000000001,
            8.056,
            7.676,
            7.676,
            8.36,
            7.752000000000001,
            7.676,
            6.08
        ]
    },
    "2": {
        "vacuum_level": 6.718646,
        "trigger_time": 0.2,
        "particle_counts": 30,
        "particle_energies": [
            8.36,
            7.524000000000001,
            6.84,
            7.676,
            9.120000000000001,
            7.068,
            7.98,
            7.676,
            8.74,
            8.056000000000001,
            8.056000000000001,
            7.448,
            9.120000000000001,
            7.6,
            7.144,
            7.6,
            6.460000000000001,
            7.524000000000001,
            7.827999999999999,
            7.752000000000001,
            6.384,
            7.6,
            6.308,
            6.916,
            7.827999999999999,
            7.524000000000001,
            8.283999999999999,
            7.372,
            8.132,
            7.904
        ]
    }
}