{
    "1": {
        "vacuum_level": 5.082549,
        "trigger_time": 0.2,
        "particle_counts": 22,
        "particle_energies": [
            3.8,
            5.0920000000000005,
            5.852,
            5.4719999999999995,
            4.636,
            4.484,
            5.092,
            4.864,
            5.4719998,
            4.4079998,
            4.94,
            5.092,
            6.004,
            4.788,
            6.308,
            5.016,
            4.332,
            3.724,
            5.168,
            5.32,
            5.5479998,
            5.928
        ]
    },
    "2": {
        "vacuum_level": 5.06347,
        "trigger_time": 0.2,
        "particle_counts": 31,
        "particle_energies": [
            4.104,
            3.724,
            5.927999999999999,
            5.244,
            4.788,
            5.7759998,
            6.231999999999999,
            5.244,
            4.18,
            4.256,
            5.548,
            5.244,
            5.016,
            4.4079999999999995,
            4.636,
            4.636,
            5.168,
            4.256,
            5.6240000000000006,
            5.3199998,
            3.3440000000000003,
            4.484,
            4.5600000000000005,
            5.4719999999999995,
            5.6240000000000006,
            6.46,
            5.7,
            3.8,
            5.7,
            4.712,
            5.0919998
        ]
    }
}