{
    "1": {
        "vacuum_level": 6.88442,
        "trigger_time": 0.2,
        "particle_counts": 28,
        "particle_energies": [
            7.6,
            7.524,
            7.296,
            8.74,
            8.36,
            8.056,
            7.676,
            8.436,
            7.676,
            8.512,
            7.372,
            6.536,
            8.208,
            4.636,
            7.676,
            6.612,
            6.384,
            8.36,
            8.816,
            7.524,
            7.144,
            8.132,
            7.22,
            7.4479999999999995,
            6.9159999999999995,
            8.968,
            8.36,
            7.22
        ]
    },
    "2": {
        "vacuum_level": 6.861045,
        "trigger_time": 0.2,
        "particle_counts": 33,
        "particle_energies": [
            9.044,
            7.827999999999999,
            7.98,
            7.904,
            6.992,
            7.827999999999999,
            7.904,
            7.22,
            8.056000000000001,
            7.98,
            8.056000000000001,
            8.74,
            7.752000000000001,
            6.688000000000001,
            8.208,
            7.372,
            7.295999999999999,
            7.752,
            7.524,
            7.448,
            8.815999999999999,
            7.6,
            7.372,
            7.220000000000001,
            7.828,
            7.068,
            6.763999999999999,
            8.056000000000001,
            8.132,
            8.892,
            8.208,
            7.904,
            7.068
        ]
    }
}