{
    "1": {
        "vacuum_level": 6.178475,
        "trigger_time": 0.2,
        "particle_counts": 18,
        "particle_energies": [
            6.612,
            6.612,
            5.776,
            7.068,
            6.08,
            7.448,
            6.688000000000001,
            8.436,
            7.372,
            7.372,
            6.612,
            7.295999999999999,
            7.22,
            6.384,
            6.764,
            7.295999999999999,
            7.295999999999999,
            6.46
        ]
    },
    "2": {
        "vacuum_level": 6.156193,
        "trigger_time": 0.2,
        "particle_counts": 26,
        "particle_energies": [
            6.08,
            7.372,
            6.536,
            7.22,
            6.764,
            6.612,
            6.612,
            4.712,
            7.22,
            7.144,
            7.220000000000001,
            7.6,
            6.916,
            7.752,
            6.536,
            6.84,
            6.916,
            6.231999999999999,
            6.308,
            6.08,
            7.068,
            6.84,
            5.776,
            6.156,
            5.776,
            6.08
        ]
    }
}