{
    "1": {
        "vacuum_level": 5.900606,
        "trigger_time": 0.2,
        "particle_counts": 20,
        "particle_energies": [
            7.296,
            6.232,
            5.7,
            7.4479999999999995,
            6.08,
            5.928,
            6.384,
            4.712,
            5.852,
            6.08,
            7.144,
            6.764,
            5.548,
            6.612,
            6.460000000000001,
            5.852,
            7.068,
            6.156,
            6.536,
            7.0680000000000005
        ]
    },
    "2": {
        "vacuum_level": 5.878857,
        "trigger_time": 0.2,
        "particle_counts": 22,
        "particle_energies": [
            7.372,
            6.46,
            6.08,
            7.372,
            6.004,
            7.144,
            7.068,
            5.3199998,
            6.612,
            5.7,
            5.6240000000000006,
            6.763999999999999,
            5.852,
            5.927999999999999,
            6.384,
            5.928,
            5.776,
            6.231999999999999,
            6.308,
            6.991999999999999,
            6.384,
            5.4719999999999995
        ]
    }
}