{
    "1": {
        "vacuum_level": 5.488454,
        "trigger_time": 0.2,
        "particle_counts": 29,
        "particle_energies": [
            6.004,
            5.928,
            4.864,
            4.9399999999999995,
            4.788,
            5.7,
            6.460000000000001,
            4.94,
            7.295999999999999,
            4.94,
            5.699999999999999,
            6.916,
            3.952,
            4.636,
            5.2439998,
            5.0159998,
            5.852,
            5.776,
            5.6999998,
            5.776,
            5.6999998,
            4.104,
            6.08,
            6.460000000000001,
            4.5600000000000005,
            5.0159998,
            5.928,
            5.928,
            5.7
        ]
    },
    "2": {
        "vacuum_level": 5.467933,
        "trigger_time": 0.2,
        "particle_counts": 21,
        "particle_energies": [
            5.852,
            4.864,
            5.396,
            6.384,
            5.0919998,
            6.688,
            5.852,
            5.3199998,
            5.776,
            5.548,
            5.396,
            3.4959999999999996,
            6.004,
            6.536,
            5.4719999999999995,
            5.928,
            5.016,
            4.104,
            6.004,
            6.308,
            5.927999999999999
        ]
    }
}