{
    "1": {
        "vacuum_level": 7.169211,
        "trigger_time": 0.2,
        "particle_counts": 22,
        "particle_energies": [
            8.284,
            8.892,
            8.436,
            7.904,
            6.384,
            7.904,
            8.132,
            8.208,
            6.688000000000001,
            8.892,
            6.688000000000001,
            6.84,
            7.068,
            8.056,
            8.74,
            6.459999999999999,
            7.068,
            9.120000000000001,
            8.056000000000001,
            8.208,
            7.98,
            8.208
        ]
    },
    "2": {
        "vacuum_level": 7.146985,
        "trigger_time": 0.2,
        "particle_counts": 19,
        "particle_energies": [
            7.523999999999999,
            8.056,
            7.98,
            8.056,
            7.676,
            8.664,
            8.436,
            7.6,
            9.120000000000001,
            8.056000000000001,
            7.676,
            8.36,
            8.74,
            8.056000000000001,
            7.752,
            8.588,
            8.208,
            8.74,
            8.968
        ]
    }
}