{
    "1": {
        "vacuum_level": 5.761918,
        "trigger_time": 0.2,
        "particle_counts": 25,
        "particle_energies": [
            7.372,
            5.776,
            5.776,
            5.699999999999999,
            7.144,
            6.9159999999999995,
            5.699999999999999,
            6.232,
            7.068,
            4.9399999999999995,
            6.308,
            6.612,
            6.308,
            6.3079998,
            7.448,
            6.460000000000001,
            6.384,
            5.928,
            6.156,
            6.536,
            5.7,
            5.4719998,
            6.004,
            5.2439998,
            6.156
        ]
    },
    "2": {
        "vacuum_level": 5.741367,
        "trigger_time": 0.2,
        "particle_counts": 26,
        "particle_energies": [
            6.08,
            6.536,
            7.220000000000001,
            6.156000000000001,
            6.08,
            5.928,
            5.776,
            5.928,
            6.308,
            6.232,
            6.232,
            6.460000000000001,
            6.688,
            6.156,
            5.927999999999999,
            6.08,
            5.699999999999999,
            6.84,
            6.004,
            6.004,
            6.004,
            5.168,
            5.548,
            6.992,
            4.9399998,
            5.2439998
        ]
    }
}