{
    "1": {
        "vacuum_level": 5.217239,
        "trigger_time": 0.2,
        "particle_counts": 19,
        "particle_energies": [
            4.636,
            5.32,
            5.3199998,
            3.4959999999999996,
            3.8,
            4.712,
            4.5600000000000005,
            4.864,
            4.864,
            4.9399999999999995,
            5.32,
            5.016,
            5.396,
            5.6240000000000006,
            5.092,
            6.231999999999999,
            4.788,
            4.5600000000000005,
            5.699999999999999
        ]
    },
    "2": {
        "vacuum_level": 5.197403,
        "trigger_time": 0.2,
        "particle_counts": 27,
        "particle_energies": [
            6.308,
            4.332,
            5.3199998,
            4.484,
            5.396,
            5.928,
            3.6479999999999997,
            5.2439998,
            4.332,
            4.104,
            6.384,
            5.4719999999999995,
            5.396,
            4.712,
            4.712,
            5.092,
            5.016,
            4.18,
            5.32,
            5.6240000000000006,
            5.548,
            5.0919998,
            4.636,
            5.168,
            5.092,
            5.016,
            4.636
        ]
    }
}