{
    "1": {
        "vacuum_level": 7.026547,
        "trigger_time": 0.2,
        "particle_counts": 26,
        "particle_energies": [
            7.524,
            8.892,
            8.436,
            8.284,
            8.056000000000001,
            7.144,
            7.904,
            8.208,
            7.98,
            7.98,
            7.828,
            7.827999999999999,
            8.132,
            7.6,
            7.752000000000001,
            7.676,
            7.6,
            7.828,
            8.132,
            8.588,
            7.904,
            7.752000000000001,
            8.436,
            7.676,
            7.068,
            6.688
        ]
    },
    "2": {
        "vacuum_level": 7.003318,
        "trigger_time": 0.2,
        "particle_counts": 35,
        "particle_energies": [
            8.512,
            7.98,
            6.991999999999999,
            7.6,
            7.676,
            8.892,
            7.827999999999999,
            7.448,
            8.056000000000001,
            7.448,
            7.676,
            8.664,
            8.132,
            7.144,
            10.412,
            6.612,
            9.044,
            7.827999999999999,
            8.056,
            8.664,
            8.588,
            7.676,
            7.98,
            7.752000000000001,
            7.904,
            7.6,
            7.22,
            7.524,
            7.98,
            9.347999999999999,
            8.664,
            8.208,
            8.512,
            8.208,
            9.272
        ]
    }
}