{
    "1": {
        "vacuum_level": 3.799531,
        "trigger_time": 10,
        "particle_counts": 84,
        "particle_energies": [
            3.6,
            3.2,
            3.2800000000000002,
            3.2800000000000002,
            3.5999999999999996,
            3.3600000000000003,
            3.76,
            3.2,
            3.04,
            3.84,
            2.96,
            3.44,
            3.6799999999999997,
            3.6799999999999997,
            3.2,
            3.2800000000000002,
            4.32,
            4.0,
            3.68,
            2.96,
            4.16,
            3.2,
            2.96,
            3.4400000000000004,
            3.04,
            3.2,
            3.12,
            3.5999999999999996,
            3.3600000000000003,
            3.5999999999999996,
            3.4400000000000004,
            3.6799999999999997,
            4.24,
            3.5999999999999996,
            3.6799999999999997,
            3.76,
            3.2800000000000002,
            3.5999999999999996,
            3.2,
            3.3600000000000003,
            3.6799999999999997,
            3.12,
            3.68,
            2.96,
            2.4800000000000004,
            3.3600000000000003,
            3.2800000000000002,
            3.4400000000000004,
            3.04,
            3.6799999999999997,
            3.6799999999999997,
            3.5199999999999996,
            2.88,
            2.88,
            3.5999999999999996,
            3.6799999999999997,
            3.12,
            3.04,
            2.8,
            3.52,
            4.72,
            2.88,
            3.5999999999999996,
            3.2,
            3.04,
            3.92,
            3.04,
            3.4400000000000004,
            3.44,
            3.2,
            3.44,
            3.44,
            3.92,
            3.92,
            2.8,
            3.3600000000000003,
            3.5199999999999996,
            3.6799999999999997,
            3.3600000000000003,
            3.12,
            4.08,
            3.84,
            3.12,
            2.96
        ]
    },
    "2": {
        "vacuum_level": 3.697325,
        "trigger_time": 10,
        "particle_counts": 49,
        "particle_energies": [
            3.2800000000000002,
            3.04,
            3.04,
            3.5199999999999996,
            3.76,
            3.6,
            2.8,
            3.2,
            3.2800000000000002,
            3.2800000000000002,
            2.96,
            3.44,
            3.12,
            3.52,
            3.2800000000000002,
            3.84,
            3.2800000000000002,
            3.6799999999999997,
            2.64,
            3.6,
            3.3600000000000003,
            2.96,
            3.84,
            3.6000000000000005,
            3.76,
            3.2800000000000002,
            3.5999999999999996,
            2.8,
            3.12,
            3.5200000000000005,
            3.5999999999999996,
            2.8,
            3.2800000000000002,
            3.5199999999999996,
            3.04,
            3.92,
            3.2800000000000002,
            3.04,
            3.3600000000000003,
            3.04,
            2.8,
            2.56,
            3.04,
            3.2800000000000002,
            3.6799999999999997,
            4.88,
            3.3600000000000003,
            2.56,
            3.68
        ]
    }
}