{
    "1": {
        "vacuum_level": 3.799859,
        "trigger_time": 1,
        "particle_counts": 3,
        "particle_energies": [
            2.88,
            3.5999999999999996,
            3.4400000000000004
        ]
    },
    "2": {
        "vacuum_level": 3.697269,
        "trigger_time": 1,
        "particle_counts": 3,
        "particle_energies": [
            3.3600000000000003,
            3.6,
            2.88
        ]
    }
}