{
    "1": {
        "vacuum_level": 3.548766,
        "trigger_time": 10,
        "particle_counts": 15,
        "particle_energies": [
            2.56,
            2.56,
            3.52,
            2.88,
            3.2800000000000002,
            3.76,
            3.2,
            3.84,
            3.3600000000000003,
            3.12,
            3.3600000000000003,
            2.64,
            3.4400000000000004,
            3.2800000000000002,
            3.12
        ]
    },
    "2": {
        "vacuum_level": 3.446908,
        "trigger_time": 10,
        "particle_counts": 11,
        "particle_energies": [
            4.720000000000001,
            4.720000000000001,
            4.720000000000001,
            3.04,
            3.04,
            3.04,
            3.04,
            4.56,
            3.4400000000000004,
            2.88,
            2.88
        ]
    }
}