{
    "1": {
        "vacuum_level": 3.060733,
        "trigger_time": 1,
        "particle_counts": 3,
        "particle_energies": [
            3.5999999999999996,
            3.5999999999999996,
            3.5999999999999996
        ]
    },
    "2": {
        "vacuum_level": 2.946289,
        "trigger_time": 1,
        "particle_counts": 3,
        "particle_energies": [
            3.04,
            3.04,
            3.04
        ]
    }
}