{
    "1": {
        "vacuum_level": 4.049926,
        "trigger_time": 10,
        "particle_counts": 250,
        "particle_energies": [
            3.5200000000000005,
            3.5999999999999996,
            4.0,
            5.12,
            3.3600000000000003,
            3.5199999999999996,
            3.76,
            2.96,
            4.32,
            3.2,
            3.2800000000000002,
            2.88,
            3.6799999999999997,
            3.04,
            3.2800000000000002,
            3.4400000000000004,
            3.2800000000000002,
            3.2800000000000002,
            3.76,
            2.96,
            3.4400000000000004,
            3.92,
            3.44,
            3.3600000000000003,
            3.92,
            4.56,
            3.8400000000000003,
            2.88,
            4.08,
            4.0,
            3.5999999999999996,
            4.640000000000001,
            3.12,
            4.08,
            3.2,
            3.12,
            3.2800000000000002,
            3.5999999999999996,
            3.6799999999999997,
            3.4400000000000004,
            3.4400000000000004,
            3.52,
            3.5200000000000005,
            4.16,
            4.8,
            3.3600000000000003,
            4.32,
            3.3600000000000003,
            3.5200000000000005,
            3.3600000000000003,
            3.5199999999999996,
            3.04,
            3.3600000000000003,
            3.2,
            3.4400000000000004,
            3.4400000000000004,
            4.08,
            3.84,
            3.12,
            3.04,
            3.5199999999999996,
            3.2800000000000002,
            4.24,
            3.2,
            4.24,
            3.5200000000000005,
            3.76,
            3.4400000000000004,
            3.4400000000000004,
            3.76,
            3.2,
            4.4,
            2.96,
            3.04,
            3.12,
            3.92,
            2.96,
            3.2800000000000002,
            4.08,
            2.88,
            3.5999999999999996,
            3.6799999999999997,
            3.52,
            4.08,
            4.48,
            3.6799999999999997,
            3.3600000000000003,
            2.88,
            3.5200000000000005,
            3.2800000000000002,
            3.68,
            3.5200000000000005,
            3.5200000000000005,
            3.2,
            3.2800000000000002,
            2.8,
            5.36,
            3.2,
            3.3600000000000003,
            4.08,
            3.92,
            3.84,
            4.08,
            3.76,
            4.32,
            3.52,
            2.8,
            3.12,
            3.52,
            3.92,
            3.04,
            3.3600000000000003,
            3.76,
            4.88,
            3.2,
            3.12,
            2.96,
            3.2,
            3.5199999999999996,
            3.3600000000000003,
            3.2800000000000002,
            3.5200000000000005,
            3.3600000000000003,
            3.5999999999999996,
            3.2,
            4.0,
            3.3600000000000003,
            3.2800000000000002,
            4.08,
            3.52,
            3.2800000000000002,
            2.7199999999999998,
            3.4400000000000004,
            3.5999999999999996,
            3.5200000000000005,
            3.2800000000000002,
            3.4400000000000004,
            2.8,
            2.88,
            2.96,
            3.3600000000000003,
            3.5199999999999996,
            3.44,
            3.6799999999999997,
            3.84,
            4.16,
            2.96,
            3.3600000000000003,
            3.5999999999999996,
            4.08,
            3.5199999999999996,
            2.96,
            3.5200000000000005,
            3.5200000000000005,
            2.96,
            3.84,
            3.3600000000000003,
            3.5199999999999996,
            3.2,
            3.44,
            4.08,
            3.84,
            2.96,
            3.5200000000000005,
            3.6000000000000005,
            3.6000000000000005,
            3.6000000000000005,
            3.12,
            3.2800000000000002,
            3.12,
            3.3600000000000003,
            3.3600000000000003,
            3.04,
            3.5199999999999996,
            3.04,
            3.76,
            3.3600000000000003,
            3.12,
            3.04,
            3.84,
            3.2800000000000002,
            4.32,
            3.5999999999999996,
            3.76,
            3.76,
            4.24,
            3.2,
            3.84,
            3.4400000000000004,
            3.2,
            4.16,
            3.2,
            3.3600000000000003,
            3.44,
            3.44,
            3.76,
            2.96,
            3.5999999999999996,
            3.2800000000000002,
            2.88,
            3.2,
            3.6799999999999997,
            2.88,
            3.5999999999999996,
            2.8,
            3.3600000000000003,
            3.2,
            3.6,
            3.76,
            3.5200000000000005,
            3.2,
            3.92,
            4.4,
            4.32,
            4.5600000000000005,
            3.3600000000000003,
            3.5200000000000005,
            3.92,
            4.5600000000000005,
            3.44,
            4.0,
            3.2,
            3.44,
            3.12,
            3.2,
            3.6799999999999997,
            3.3600000000000003,
            3.44,
            3.76,
            4.4,
            3.12,
            3.76,
            4.96,
            3.5999999999999996,
            3.2,
            3.92,
            3.04,
            3.3600000000000003,
            3.2,
            3.5199999999999996,
            4.88,
            3.5999999999999996,
            3.52,
            3.6,
            3.04,
            3.92,
            3.2800000000000002,
            3.44,
            3.2,
            3.92
        ]
    },
    "2": {
        "vacuum_level": 3.947691,
        "trigger_time": 10,
        "particle_counts": 153,