{
    "1": {
        "vacuum_level": 4.301377,
        "trigger_time": 1,
        "particle_counts": 3,
        "particle_energies": [
            3.68,
            3.5200000000000005,
            3.5200000000000005
        ]
    },
    "2": {
        "vacuum_level": 4.198657,
        "trigger_time": 1,
        "particle_counts": 3,
        "particle_energies": [
            3.6000000000000005,
            6.0,
            6.0
        ]
    }
}